{
    "0": 0.6869564641893438,
    "1": 0.4113869316282526,
    "2": 0.3518740711486445,
    "train_cost_time": 532.8281733989716,
    "train_mean_epoch_time": 60.896575927734375
}