{
    "0": {
        "mae": 0.5267976522445679,
        "mse": 0.5672772526741028,
        "rmse": 0.7531781196594238,
        "mape": 10.608742713928223,
        "mspe": 36484.35546875,
        "rse": 0.7154108285903931
    },
    "1": {
        "mae": 0.41163837909698486,
        "mse": 0.3795369267463684,
        "rmse": 0.6160656809806824,
        "mape": 9.617077827453613,
        "mspe": 34142.22265625,
        "rse": 0.5851737856864929
    },
    "2": {
        "mae": 0.4038703143596649,
        "mse": 0.37130969762802124,
        "rmse": 0.6093518733978271,
        "mape": 9.605545043945312,
        "mspe": 35090.8671875,
        "rse": 0.5787966251373291
    }
}