{
    "0": {
        "mae": 0.7622650861740112,
        "mse": 1.1157277822494507,
        "rmse": 1.0562801361083984,
        "mape": 7.452243804931641,
        "mspe": 35215.7734375,
        "rse": 0.8657236695289612
    },
    "1": {
        "mae": 0.5846535563468933,
        "mse": 0.7290575504302979,
        "rmse": 0.8538486957550049,
        "mape": 6.860058307647705,
        "mspe": 30847.935546875,
        "rse": 0.7007670402526855
    },
    "2": {
        "mae": 0.5811029672622681,
        "mse": 0.7242501974105835,
        "rmse": 0.8510289192199707,
        "mape": 6.638246536254883,
        "mspe": 27350.548828125,
        "rse": 0.6987268328666687
    }
}